sample_index,immune_score,epi_score,driver_gene_score
T0_A10.S73,-0.59896886,-0.05090114,-0.6220087
T0_A11.S81,1.5973518,-0.05090114,1.168547
T0_A12.S89,0.88233787,-0.05090114,0.31554875
T0_A1.S1,1.2037232,-0.05090114,0.6779387
T0_A2.S9,0.0997576,-0.05090114,0.7769907
T0_A3.S17,0.4945576,-0.05090114,1.026094
T0_A4.S25,-0.29180014,-0.05090114,0.3376889
T0_A5.S33,0.6618959,-0.05090114,0.9502024
T0_A6.S41,-0.9193339,-0.05090114,-1.8594313
T0_A7.S49,0.91021705,-0.05090114,0.81184083
T0_A8.S57,1.3921101,-0.05090114,1.4448432
T0_A9.S65,0.7624149,-0.05090114,0.25644532
T0_B10.S74,1.0249798,-0.05090114,1.1173377
T0_B11.S82,1.0105802,-0.05090114,0.40647817
T0_B12.S90,0.19537438,-0.05090114,-0.07635663
T0_B1.S2,0.71992856,-0.05090114,0.16078885
T0_B2.S10,1.2620039,-0.05090114,0.9334882
T0_B3.S18,-0.8492149,-0.05090114,-0.19774577
T0_B4.S26,1.6052012,-0.05090114,1.55645
T0_B5.S34,0.10556681,-0.05090114,-0.13018161
T0_B6.S42,0.49949694,-0.05090114,0.43503624
T0_B7.S50,0.9399993,-0.05090114,0.9129243
T0_B8.S58,0.5717412,-0.05090114,-0.08841059
T0_B9.S66,1.082165,-0.05090114,0.8986914
T0_C10.S75,1.7655536,-0.05090114,1.8865418
T0_C11.S83,0.7601579,-0.05090114,0.6283739
T0_C12.S91,1.579892,-0.05090114,1.0178412
T0_C1.S3,1.584167,-0.05090114,1.416127
T0_C2.S11,0.91849273,-0.05090114,1.3292238
T0_C3.S19,0.8948118,-0.05090114,0.9515428
T0_C4.S27,1.2774626,-0.05090114,0.2843806
T0_C5.S35,0.60488254,-0.05090114,1.1562752
T0_C6.S43,1.1807641,-0.05090114,0.7679903
T0_C7.S51,1.7865517,-0.05090114,1.5505785
T0_C8.S59,1.7148787,-0.05090114,1.882892
T0_C9.S67,-0.17899978,-0.05090114,-0.1736817
T0_D10.S76,0.63401324,-0.05090114,0.97765034
T0_D11.S84,0.9574784,-0.05090114,1.5812963
T0_D12.S92,1.6498134,-0.05090114,1.3799832
T0_D1.S4,0.9321761,-0.05090114,0.5704199
T0_D2.S12,1.6517774,-0.05090114,1.2669858
T0_D3.S20,0.78668994,-0.05090114,0.5883348
T0_D4.S28,0.7733704,-0.05090114,0.9792556
T0_D5.S36,1.1056597,-0.05090114,1.4714062
T0_D6.S44,0.32982585,-0.05090114,0.47358042
T0_D7.S52,0.36234337,-0.05090114,0.15337567
T0_D8.S60,0.19237275,-0.05090114,-0.19619708
T0_D9.S68,0.95248455,-0.05090114,0.8963792
T0_E10.S77,1.1463475,-0.05090114,1.6542999
T0_E11.S85,1.2312474,-0.05090114,0.36174908
T0_E12.S93,-1.4392756,-0.05090114,-1.2977536
T0_E1.S5,0.7078007,-0.05090114,0.38167492
T0_E2.S13,1.7808964,-0.05090114,1.7808278
T0_E3.S21,0.76863897,-0.05090114,0.40481874
T0_E4.S29,0.8753588,-0.05090114,1.1826427
T0_E5.S37,0.9874334,-0.05090114,1.1395872
T0_E6.S45,1.1705769,-0.05090114,0.8828734
T0_E7.S53,-0.24582154,-0.05090114,0.23935552
T0_E8.S61,0.011976358,-0.05090114,-0.23718154
T0_E9.S69,-0.22533584,-0.05090114,-0.26114446
T0_F11.S86,0.55853164,-0.05090114,0.7376858
T0_F12.S94,1.2476825,-0.05090114,1.1751535
T0_F1.S6,1.7646292,-0.05090114,1.9596168
T0_F2.S14,0.76686466,-0.05090114,0.096815795
T0_F3.S22,1.172535,-0.05090114,1.290854
T0_F4.S30,1.184845,-0.05090114,0.5333198
T0_F5.S38,0.4629644,-0.05090114,0.42025802
T0_F6.S46,0.6519766,-0.05090114,0.72697043
T0_F7.S54,0.7077215,-0.05090114,0.7818674
T0_F8.S62,1.2447937,-0.05090114,0.8888797
T0_G10.S79,0.9752229,-0.05090114,0.777791
T0_G11.S87,1.3658776,-0.05090114,1.627901
T0_G12.S95,1.378496,-0.05090114,0.7814787
T0_G1.S7,0.4457209,-0.05090114,0.7224283
T0_G2.S15,1.6231215,-0.05090114,1.270497
T0_G3.S23,1.0175369,-0.05090114,0.8568546
T0_G4.S31,0.70762694,-0.05090114,0.54777193
T0_G5.S39,0.7452259,-0.05090114,0.40542495
T0_G6.S47,0.67365736,-0.05090114,0.55211353
T0_G7.S55,-0.034162644,-0.05090114,-0.13777763
T0_G8.S63,0.7599559,-0.05090114,0.5158922
T0_G9.S71,0.5346463,-0.05090114,0.5511696
T0_H10.S80,-0.27211052,-0.05090114,-0.7965144
T0_H11.S88,1.7096577,-0.05090114,2.0690422
T0_H12.S96,-0.62542665,-0.05090114,-0.56243914
T0_H1.S8,0.928061,-0.05090114,1.1048088
T0_H2.S16,0.8640637,-0.05090114,1.0797966
T0_H3.S24,0.32200664,-0.05090114,0.0020820259
T0_H4.S32,0.4887147,-0.05090114,0.60775703
T0_H6.S48,1.1297134,-0.05090114,0.1824197
T0_H7.S56,-0.53205854,-0.05090114,-1.1211323
T0_H8.S64,0.27554682,-0.05090114,-0.6198446
T0_H9.S72,-0.31424782,-0.05090114,-1.4045513
T0_A10.S361,0.874885,-0.05090114,1.4109939
T0_A1.S289,0.5416486,-0.05090114,0.6718369
T0_A2.S297,0.076081134,-0.05090114,-0.19899315
T0_A3.S305,0.4034138,-0.05090114,0.92540973
T0_A4.S313,1.0191821,-0.05090114,0.92276967
T0_A5.S321,1.2267734,-0.05090114,2.1396012
T0_A6.S329,0.74402237,-0.05090114,0.9705144
T0_A8.S345,1.1959698,-0.05090114,0.9211937
T0_A9.S353,-1.7436472,-0.05090114,-1.9769061
T0_B10.S362,0.71327275,-0.05090114,1.1049424
T0_B11.S370,1.9021571,-0.05090114,1.5111377
T0_B12.S378,-0.1590661,-0.05090114,0.6587223
T0_B1.S290,1.4461094,-0.05090114,1.3364958
T0_B2.S298,0.9928069,-0.05090114,1.0476601
T0_B3.S306,0.9369986,-0.05090114,1.0886219
T0_B4.S314,-0.017967755,-0.05090114,-0.18942723
T0_B5.S322,1.0342135,-0.05090114,0.74799263
T0_B6.S330,0.87338394,-0.05090114,0.11881836
T0_B7.S338,0.74534076,-0.05090114,1.105449
T0_B8.S346,-0.35296416,-0.05090114,-0.52670443
T0_B9.S354,1.4665357,-0.05090114,1.0137991
T0_C10.S363,1.9732088,-0.05090114,1.8942411
T0_C11.S371,0.6927034,-0.05090114,0.47231537
T0_C1.S291,1.6640285,-0.05090114,1.7896906
T0_C2.S299,1.300656,23.707651,1.5443723
T0_C3.S307,0.5921715,-0.05090114,0.59133816
T0_C4.S315,1.4080055,-0.05090114,1.824103
T0_C6.S331,1.2213786,-0.05090114,0.6587421
T0_C7.S339,1.2209414,-0.05090114,1.2880338
T0_C8.S347,1.1193357,-0.05090114,1.2969978
T0_C9.S355,0.93212163,-0.05090114,0.98404455
T0_D10.S364,-0.49706364,-0.05090114,-0.019086594
T0_D11.S372,1.4720008,-0.05090114,1.5133375
T0_D1.S292,1.4172946,-0.05090114,1.4269139
T0_D2.S300,1.5719416,-0.05090114,1.8188362
T0_D3.S308,1.366537,-0.05090114,1.2684443
T0_D4.S316,0.593073,-0.05090114,0.2293857
T0_D5.S324,1.0463642,-0.05090114,1.5568581
T0_D6.S332,-0.5547008,-0.05090114,-0.7769794
T0_D7.S340,0.8888996,-0.05090114,1.223149
T0_D8.S348,1.742546,-0.05090114,1.8736988
T0_E10.S365,0.020600067,-0.05090114,1.0584111
T0_E11.S373,0.7974484,-0.05090114,0.77914697
T0_E1.S293,0.29280812,-0.05090114,0.31753033
T0_E2.S301,1.335067,-0.05090114,1.1433141
T0_E3.S309,1.424341,-0.05090114,1.8084462
T0_E4.S317,0.28570774,-0.05090114,0.55392426
T0_E5.S325,0.7845294,-0.05090114,1.0506712
T0_E6.S333,1.7979231,-0.05090114,1.5597864
T0_E7.S341,1.4037781,-0.05090114,1.6815618
T0_E8.S349,0.78655374,-0.05090114,0.7876961
T0_E9.S357,0.7847254,-0.05090114,1.0786631
T0_F10.S366,0.9316201,-0.05090114,1.0055379
T0_F11.S374,1.176148,-0.05090114,1.375672
T0_F1.S294,-0.40090474,-0.05090114,0.047676165
T0_F2.S302,0.40487427,-0.05090114,0.48272339
T0_F3.S310,-1.0079871,-0.05090114,-1.3248262
T0_F4.S318,0.7781766,-0.05090114,0.88744384
T0_F5.S326,1.9110565,-0.05090114,2.0341742
T0_F6.S334,1.3711343,-0.05090114,0.707417
T0_F7.S342,0.7560383,-0.05090114,1.4712627
T0_F8.S350,2.095251,-0.05090114,1.4382905
T0_F9.S358,0.33464095,-0.05090114,0.5671149
T0_G10.S367,1.4450935,-0.05090114,1.6946629
T0_G11.S375,1.1611373,-0.05090114,0.9408225
T0_G1.S295,1.8302252,-0.05090114,1.2959863
T0_G2.S303,1.2127811,-0.05090114,1.4983017
T0_G3.S311,1.3129184,-0.05090114,1.7929932
T0_G4.S319,0.76968706,-0.05090114,0.8757025
T0_G5.S327,0.88403845,-0.05090114,0.72930956
T0_G6.S335,0.9573586,-0.05090114,0.2475807
T0_G7.S343,0.9000353,-0.05090114,0.6533784
T0_G8.S351,-0.476972,-0.05090114,-0.53125614
T0_G9.S359,0.7130703,-0.05090114,0.5869799
T0_H10.S368,0.7523322,-0.05090114,1.934032
T0_H11.S376,-0.1467927,-0.05090114,-0.22193433
T0_H1.S296,-0.363584,-0.05090114,-0.3647959
T0_H4.S320,0.6377763,-0.05090114,0.62688076
T0_H8.S352,-0.38060915,-0.05090114,-0.5294188
T4_C5.S152,-0.897155,-0.05090114,-1.2431399
T4_A10.S190,-0.42118055,-0.05090114,-0.32524836
T4_A11.S198,0.6173114,-0.05090114,0.41960585
T4_A12.S206,-0.44842947,-0.05090114,-0.6734821
T4_A1.S118,0.28347,-0.05090114,0.3422105
T4_A2.S126,-0.8877416,-0.05090114,-0.4258848
T4_A3.S134,-0.01050252,-0.05090114,0.41021428
T4_A5.S150,-0.008629156,-0.05090114,-0.23783512
T4_A6.S158,-0.5854816,-0.05090114,0.018328689
T4_A7.S166,0.7528347,-0.05090114,0.58720416
T4_A8.S174,-1.545662,-0.05090114,-1.9520929
T4_A9.S182,-0.10000315,-0.05090114,-0.7006143
T4_B10.S191,-0.32605833,-0.05090114,-0.63329977
T4_B11.S199,0.37855658,-0.05090114,0.28980088
T4_B12.S207,0.9134761,-0.05090114,0.9719128
T4_B1.S119,-0.66533023,-0.05090114,0.5412238
T4_B3.S135,-0.28713998,-0.05090114,-0.34904543
T4_B4.S143,-1.0218189,-0.05090114,-1.2258245
T4_B5.S151,-0.34911346,-0.05090114,-0.4258484
T4_B6.S159,-2.2338624,-0.05090114,-2.1978822
T4_B8.S175,-1.5142555,-0.05090114,-0.63884735
T4_B9.S183,0.14669862,-0.05090114,0.22326624
T4_C10.S192,0.7886682,-0.05090114,0.9314914
T4_C11.S200,-0.034755744,-0.05090114,0.10793573
T4_C12.S208,-0.526578,-0.05090114,-0.2988296
T4_C1.S120,-0.41065326,-0.05090114,-0.54189825
T4_C2.S128,0.16717938,-0.05090114,0.088671245
T4_C3.S136,-0.73095536,-0.05090114,-0.6172844
T4_C4.S144,0.22413577,-0.05090114,-0.018331872
T4_C6.S160,-0.21819735,-0.05090114,-0.60048604
T4_C7.S168,-0.3011526,-0.05090114,-0.712723
T4_C8.S176,0.46909836,-0.05090114,0.13361995
T4_C9.S184,-0.51142925,-0.05090114,-0.59792304
T4_D10.S193,-0.46107516,-0.05090114,-0.510369
T4_D11.S201,0.0083276555,-0.05090114,0.66398764
T4_D12.S209,-0.15294647,-0.05090114,0.14385112
T4_D2.S129,-0.35376024,-0.05090114,-0.33522138
T4_D3.S137,-0.5140586,-0.05090114,0.24964789
T4_D4.S145,-2.1291776,-0.05090114,-1.833115
T4_D5.S153,-0.47433525,-0.05090114,0.13716792
T4_D6.S161,-0.9399946,-0.05090114,-0.5225167
T4_D7.S169,0.532207,-0.05090114,0.44582197
T4_D8.S177,-0.17395596,-0.05090114,-0.6258771
T4_D9.S185,-0.7340253,-0.05090114,-0.57049984
T4_E10.S194,-0.027049905,-0.05090114,-0.25851178
T4_E11.S202,-0.12359447,-0.05090114,-0.252265
T4_E12.S210,-1.2530448,-0.05090114,-0.6977885
T4_E1.S122,-1.6241837,-0.05090114,-0.66147697
T4_E2.S130,0.28098524,-0.05090114,-0.16989431
T4_E3.S138,-1.4489051,-0.05090114,-1.5259683
T4_E4.S146,-0.01324573,-0.05090114,0.39808604
T4_E5.S154,0.31517857,-0.05090114,0.00068469543
T4_E6.S162,-0.4205909,-0.05090114,-0.32247987
T4_E7.S170,-2.0618718,-0.05090114,-1.8944551
T4_E8.S178,-2.2844272,-0.05090114,-2.478401
T4_E9.S186,-0.74575067,-0.05090114,-0.15723167
T4_F10.S195,-2.2608354,-0.05090114,-2.108469
T4_F11.S203,-0.7502291,-0.05090114,-0.58115226
T4_F12.S211,-0.35185966,-0.05090114,0.107445195
T4_F2.S131,-2.305159,-0.05090114,-2.3537924
T4_F3.S139,-1.0440949,-0.05090114,-1.3039848
T4_F4.S147,-0.59281313,-0.05090114,-0.7916784
T4_F5.S155,0.117563464,-0.05090114,0.8215511
T4_F6.S163,-0.72039247,-0.05090114,-1.2249191
T4_F7.S171,-0.43643528,-0.05090114,-0.32560593
T4_F8.S179,-1.265591,-0.05090114,-0.9540025
T4_F9.S187,-1.9900835,-0.05090114,-1.7050742
T4_G10.S196,0.22702998,-0.05090114,0.16943808
T4_G11.S204,-0.5519051,-0.05090114,-0.4881861
T4_G12.S212,-0.0898259,-0.05090114,0.79853
T4_G1.S124,-0.53698254,-0.05090114,-0.6260769
T4_G2.S132,0.6049682,-0.05090114,0.79730874
T4_G3.S140,1.0478058,-0.05090114,1.2450536
T4_G4.S148,0.7155615,-0.05090114,0.48520505
T4_G5.S156,-0.55184174,-0.05090114,-0.7913286
T4_G6.S164,-0.59495085,-0.05090114,-0.6799259
T4_G8.S180,-0.47012365,-0.05090114,-0.6609051
T4_G9.S188,-0.27668154,-0.05090114,-0.03110024
T4_H11.S205,-0.57170314,-0.05090114,-0.557149
T4_H1.S125,-1.263622,-0.05090114,-1.3893794
T4_H2.S133,-0.23427244,-0.05090114,0.15259938
T4_H3.S141,-0.8321544,-0.05090114,-1.6419152
T4_H4.S149,0.8354607,-0.05090114,0.61141676
T4_H5.S157,0.22660124,-0.05090114,-0.29418528
T4_H8.S181,-0.29280663,-0.05090114,-0.93402255
T4_A11.S81,-0.39368162,-0.05090114,-1.072581
T4_A14.S73,-0.19282871,-0.05090114,-0.32473308
T4_A1.S1,0.1640307,-0.05090114,0.38401583
T4_A2.S9,-0.1060406,-0.05090114,0.04301521
T4_A6.S41,-0.08049126,-0.05090114,-0.05314913
T4_A7.S49,-1.347873,-0.05090114,-0.1801718
T4_B11.S82,-0.33544397,-0.05090114,-0.406516
T4_B12.S90,0.43532088,-0.05090114,0.67884934
T4_B14.S74,-0.1635782,-0.05090114,-0.54645485
T4_B1.S2,-1.1607918,-0.05090114,-0.15976675
T4_B2.S10,-0.46772155,-0.05090114,-0.44499016
T4_B3.S18,-0.86706555,-0.05090114,-0.45642662
T4_B4.S26,-0.2772459,10.497918,-0.3861187
T4_B6.S42,-1.403533,-0.05090114,-0.7855034
T4_B7.S50,1.4967492,-0.05090114,0.96677333
T4_B9.S66,0.63971555,-0.05090114,0.5614142
T4_C11.S83,0.114253886,-0.05090114,-0.25250372
T4_C12.S91,0.4562462,-0.05090114,0.30358073
T4_C14.S75,-2.1311617,-0.05090114,-2.1733694
T4_C1.S3,0.43901315,-0.05090114,0.8228558
T4_C2.S11,0.020771364,-0.05090114,-0.9890146
T4_C3.S19,-0.12334396,-0.05090114,-0.27940527
T4_C5.S35,-0.5050403,-0.05090114,0.02544938
T4_C6.S43,-2.0716343,-0.05090114,-2.0858707
T4_C7.S51,-1.6507202,-0.05090114,-1.773508
T4_C8.S59,0.01885988,-0.05090114,-0.48206165
T4_C9.S67,-0.59608656,-0.05090114,-0.5038099
T4_D11.S84,-1.951533,-0.05090114,-1.95685
T4_D12.S92,0.17998151,-0.05090114,0.85589904
T4_D14.S76,0.21885034,-0.05090114,0.6867711
T4_D1.S4,0.5748478,-0.05090114,0.56674254
T4_D2.S12,-1.4505658,-0.05090114,-1.4124546
T4_D3.S20,0.06747178,-0.05090114,0.18303613
T4_D4.S28,-0.8467524,-0.05090114,-0.8874424
T4_D7.S52,-0.57373494,-0.05090114,0.24530347
T4_D9.S68,0.6520221,-0.05090114,0.63828295
T4_E14.S77,-0.79193795,-0.05090114,-0.69950837
T4_E1.S5,-0.121615656,-0.05090114,0.5897594
T4_E2.S13,-0.03201204,-0.05090114,0.081874155
T4_E3.S21,-0.093384005,-0.05090114,-0.33483163
T4_E4.S29,-1.1523958,-0.05090114,-0.40030563
T4_E5.S37,-0.37334144,-0.05090114,0.24193339
T4_E6.S45,-0.44627044,-0.05090114,-0.5707619
T4_E7.S53,0.15140036,-0.05090114,-0.1199805
T4_E8.S61,-0.1955942,-0.05090114,0.20571986
T4_E9.S69,-0.13317911,-0.05090114,-0.058291774
T4_F11.S86,1.0533289,-0.05090114,0.6436325
T4_F12.S94,0.52541214,-0.05090114,0.4189201
T4_F14.S78,-1.0905703,-0.05090114,-1.1895561
T4_F1.S6,-0.31371957,-0.05090114,-0.66642797
T4_F3.S22,-0.8273264,-0.05090114,-0.76670647
T4_F5.S38,0.2742007,-0.05090114,0.3096942
T4_F6.S46,0.806335,-0.05090114,0.48701653
T4_F7.S54,-0.602576,-0.05090114,-0.5082276
T4_F8.S62,-0.48264855,-0.05090114,0.4166241
T4_F9.S70,-0.039354496,-0.05090114,-0.23017615
T4_G11.S87,-0.2355923,-0.05090114,-0.21836126
T4_G12.S95,0.0008549944,-0.05090114,-0.074212
T4_G14.S79,-0.020246584,-0.05090114,-0.06146556
T4_G2.S15,-0.06427459,-0.05090114,0.7590415
T4_G3.S23,-1.5471123,-0.05090114,-1.2245028
T4_G6.S47,-0.52407545,-0.05090114,0.22193682
T4_G7.S55,0.66437125,-0.05090114,0.70352954
T4_G8.S63,0.22732702,-0.05090114,0.17182672
T4_G9.S71,1.2806609,-0.05090114,1.1909803
T4_H11.S88,-2.8822887,-0.05090114,-2.7983608
T4_H1.S8,-1.1677619,-0.05090114,-1.0847931
T4_H2.S16,-0.72355646,-0.05090114,-0.6917645
T4_H4.S32,-1.5522914,-0.05090114,-2.8824637
T4_H5.S40,-1.7499369,-0.05090114,-1.8711073
T28_A10.S286,0.3804339,-0.05090114,0.34204462
T28_A11.S294,-0.9497869,-0.05090114,-1.6946895
T28_A12.S302,-0.20464021,-0.05090114,0.13329068
T28_A1.S214,0.12528713,-0.05090114,0.43323362
T28_A5.S246,-0.9940545,-0.05090114,-0.9449335
T28_A6.S254,0.8772307,-0.05090114,0.5438657
T28_A7.S262,0.37017742,-0.05090114,-0.0910072
T28_A8.S270,0.003844752,-0.05090114,0.08666667
T28_B11.S295,-0.39832243,-0.05090114,-0.49767986
T28_B12.S303,-0.7121252,-0.05090114,-0.11793066
T28_B3.S231,0.55175704,-0.05090114,0.6371381
T28_B4.S239,-0.7037668,-0.05090114,0.7573581
T28_B5.S247,-0.1538579,-0.05090114,0.18038295
T28_B6.S255,-0.7312128,-0.05090114,0.12111506
T28_C1.S216,-1.0105685,-0.05090114,-0.5212944
T28_C2.S224,-1.3089848,-0.05090114,-0.7740528
T28_C5.S248,-1.5404967,-0.05090114,-1.4813178
T28_C6.S256,-2.3068423,-0.05090114,-1.7957928
T28_C8.S272,-1.2845341,-0.05090114,-1.7546202
T28_C9.S280,-0.4881508,-0.05090114,-0.8762503
T28_D11.S297,-0.453952,-0.05090114,-0.54793495
T28_D12.S305,0.42392176,-0.05090114,0.3405313
T28_D1.S217,-0.7941403,-0.05090114,-0.18575618
T28_D3.S233,-0.29959905,-0.05090114,0.1293406
T28_D4.S241,-0.5200797,-0.05090114,-0.032433204
T28_D6.S257,-1.511218,-0.05090114,-1.1201961
T28_D7.S265,-0.90940267,-0.05090114,-0.8577299
T28_D8.S273,-0.88458234,-0.05090114,-1.0051796
T28_E12.S306,0.30111992,-0.05090114,0.31687924
T28_E2.S226,-1.2609665,-0.05090114,-1.0175476
T28_E3.S234,-1.153765,-0.05090114,-1.3422648
T28_E4.S242,-1.1970308,-0.05090114,-1.1314263
T28_E5.S250,1.0284736,-0.05090114,1.0252044
T28_E6.S258,1.1186876,-0.05090114,1.2563472
T28_E7.S266,-0.834606,-0.05090114,-0.08065472
T28_E8.S274,0.28390172,-0.05090114,0.7473334
T28_F10.S291,-0.33615044,-0.05090114,-1.1962464
T28_F11.S299,-2.0540938,-0.05090114,-2.4459484
T28_F12.S307,-0.5769232,-0.05090114,-1.1252414
T28_F1.S219,1.3318422,-0.05090114,1.4688578
T28_F2.S227,-1.3119198,-0.05090114,-1.609719
T28_F3.S235,-0.5100282,-0.05090114,0.2063264
T28_F4.S243,-1.2313979,-0.05090114,-0.7995977
T28_F5.S251,-0.40053195,-0.05090114,-0.10712053
T28_F8.S275,0.3289164,-0.05090114,0.42282844
T28_G10.S292,-1.323915,-0.05090114,-0.9154951
T28_G11.S300,-0.088212945,-0.05090114,0.42520756
T28_G2.S228,0.65157753,-0.05090114,0.74877214
T28_G3.S236,-0.06943327,-0.05090114,0.5505963
T28_G4.S244,-0.47310647,-0.05090114,-0.82177496
T28_G5.S252,0.60280323,-0.05090114,0.64820254
T28_H1.S221,0.260099,-0.05090114,0.3599574
T28_H3.S237,-0.6004452,-0.05090114,-0.47729746
T28_H5.S253,-1.1880214,-0.05090114,-0.7327401
T28_A11.S177,-1.2651571,-0.05090114,-0.60689586
T28_A14.S169,-1.8123804,-0.05090114,-1.9064623
T28_A2.S105,-0.71614766,-0.05090114,-0.5636999
T28_A3.S113,-1.1929865,-0.05090114,-0.5521326
T28_A7.S145,-0.53173274,-0.05090114,-0.7670612
T28_A8.S153,0.07021004,-0.05090114,-0.39953995
T28_A9.S161,-2.3243697,-0.05090114,-1.5851679
T28_B12.S186,-1.7443463,-0.05090114,-1.4610244
T28_B5.S130,-2.1490898,-0.05090114,-2.2980793
T28_C12.S187,-1.3945701,-0.05090114,-1.6887178
T28_C2.S107,-0.22009447,-0.05090114,-0.42944303
T28_C6.S139,0.24171191,-0.05090114,0.19440293
T28_C7.S147,-0.21292777,-0.05090114,0.87231225
T28_C8.S155,-0.25162727,-0.05090114,-0.6871064
T28_D11.S180,-0.9975386,-0.05090114,-0.11175637
T28_D14.S172,0.53603894,-0.05090114,0.8963148
T28_D3.S116,-0.9557815,-0.05090114,-0.5442427
T28_D4.S124,-1.6135734,-0.05090114,-1.0071237
T28_D5.S132,0.053836428,-0.05090114,0.23657995
T28_D6.S140,-1.7530613,-0.05090114,-1.5322292
T28_D7.S148,-1.1585364,-0.05090114,-1.254296
T28_E12.S189,0.16886412,-0.05090114,-0.11566012
T28_E14.S173,0.16839379,-0.05090114,-0.037615456
T28_E8.S157,-0.5736666,-0.05090114,0.31440395
T28_F11.S182,0.11381228,-0.05090114,1.037192
T28_F12.S190,-0.10314985,-0.05090114,-0.41430157
T28_F14.S174,-0.2108237,-0.05090114,0.12166359
T28_F3.S118,-2.2509983,-0.05090114,-2.7319338
T28_F4.S126,0.293674,-0.05090114,0.1748251
T28_F5.S134,-0.8210766,-0.05090114,-0.78702205
T28_F6.S142,-0.22600418,-0.05090114,0.3095361
T28_F7.S150,0.028992083,-0.05090114,0.56105345
T28_F8.S158,0.5984357,-0.05090114,0.58108574
T28_G12.S191,-0.2703005,-0.05090114,0.47230652
T28_G14.S175,-1.5102795,-0.05090114,-1.2393008
T28_G2.S111,-2.7197163,-0.05090114,-1.915744
T28_G3.S119,0.03588699,-0.05090114,0.23744361
T28_G5.S135,-0.16145235,-0.05090114,-0.01699431
T28_G7.S151,-0.41698527,-0.05090114,-0.33811435
T28_G9.S167,0.08337458,-0.05090114,0.9483131
T28_H11.S184,-0.3506789,-0.05090114,1.2018396
T28_H12.S192,1.1399739,-0.05090114,0.5731888
T28_H5.S136,-0.20453426,-0.05090114,0.39829716
T28_H6.S144,-0.55609393,-0.05090114,-0.2572874
T28_H8.S160,0.20029345,-0.05090114,0.22219004
lib1_AR_T28_1_A10.S297,-1.5528401,-0.05090114,-0.97724926
lib1_AR_T28_1_A11.S298,0.58879113,-0.05090114,0.34434664
lib1_AR_T28_1_A12.S299,-0.13058294,-0.05090114,-0.801998
lib1_AR_T28_1_A1.S288,0.029383687,-0.05090114,0.21674502
lib1_AR_T28_1_A2.S289,-0.3181104,-0.05090114,-0.61668885
lib1_AR_T28_1_A4.S291,1.0027767,-0.05090114,0.90151757
lib1_AR_T28_1_A7.S294,0.050755084,-0.05090114,0.40443608
lib1_AR_T28_1_A8.S295,0.06619498,-0.05090114,-0.11520496
lib1_AR_T28_1_B10.S309,-1.177334,-0.05090114,-1.9703325
lib1_AR_T28_1_B11.S310,-1.3810476,-0.05090114,-1.6597028
lib1_AR_T28_1_B12.S311,-0.207476,-0.05090114,-0.29936117
lib1_AR_T28_1_B1.S300,-0.4994925,-0.05090114,-0.2567707
lib1_AR_T28_1_B2.S301,-0.59328544,-0.05090114,-0.17697574
lib1_AR_T28_1_B3.S302,-0.9368068,-0.05090114,-1.2184969
lib1_AR_T28_1_B4.S303,-0.4301231,-0.05090114,-0.7228375
lib1_AR_T28_1_B5.S304,-0.025146836,-0.05090114,0.35641617
lib1_AR_T28_1_B7.S306,-0.97702444,-0.05090114,-0.28445947
lib1_AR_T28_1_B8.S307,1.0439293,-0.05090114,1.0317335
lib1_AR_T28_1_B9.S308,-0.018431144,-0.05090114,-0.35038406
lib1_AR_T28_1_C11.S322,-0.112394385,-0.05090114,-0.45752686
lib1_AR_T28_1_C12.S323,-0.43555257,-0.05090114,-0.53803873
lib1_AR_T28_1_C1.S312,-1.8392482,-0.05090114,-1.6249382
lib1_AR_T28_1_C2.S313,0.7929189,-0.05090114,0.8747794
lib1_AR_T28_1_C3.S314,0.52319765,-0.05090114,1.5333358
lib1_AR_T28_1_C4.S315,-1.1807314,-0.05090114,-0.4303898
lib1_AR_T28_1_C5.S316,-0.33806044,-0.05090114,-1.1668346
lib1_AR_T28_1_C6.S317,-1.9698415,-0.05090114,-1.6534815
lib1_AR_T28_1_C7.S318,1.0022867,-0.05090114,0.20494321
lib1_AR_T28_1_C9.S320,-1.5792397,-0.05090114,-0.9578783
lib1_AR_T28_1_D10.S333,0.48380554,-0.05090114,0.034803465
lib1_AR_T28_1_D12.S335,0.8307823,-0.05090114,0.9430612
lib1_AR_T28_1_D1.S324,-0.0060829856,-0.05090114,0.76945835
lib1_AR_T28_1_D4.S327,1.0322263,-0.05090114,0.4713955
lib1_AR_T28_1_D5.S328,-1.0931004,-0.05090114,-1.4901325
lib1_AR_T28_1_D6.S329,-1.3885257,-0.05090114,-1.0004921
lib1_AR_T28_1_D7.S330,-1.3673286,-0.05090114,-1.3918108
lib1_AR_T28_1_D8.S331,-0.5391321,-0.05090114,-0.8866396
lib1_AR_T28_1_D9.S332,0.62752134,-0.05090114,0.93120277
lib1_AR_T28_1_E10.S345,-2.757163,-0.05090114,-3.1699235
lib1_AR_T28_1_E11.S346,-0.06191704,-0.05090114,-0.2673138
lib1_AR_T28_1_E1.S336,0.20544916,-0.05090114,0.41755953
lib1_AR_T28_1_E2.S337,0.14663772,-0.05090114,0.11677594
lib1_AR_T28_1_E4.S339,0.044669125,-0.05090114,0.05985285
lib1_AR_T28_1_E5.S340,0.082389876,-0.05090114,-0.5019065
lib1_AR_T28_1_E7.S342,-1.5598756,-0.05090114,-1.0797902
lib1_AR_T28_1_E8.S343,-2.915696,-0.05090114,-2.5406947
lib1_AR_T28_1_E9.S344,-0.5447547,-0.05090114,-0.03518507
lib1_AR_T28_1_F10.S357,-2.8069212,-0.05090114,-2.3616903
lib1_AR_T28_1_F11.S358,-0.6337603,-0.05090114,-0.2587664
lib1_AR_T28_1_F12.S359,0.16684966,-0.05090114,0.32144505
lib1_AR_T28_1_F1.S348,0.13169537,-0.05090114,-0.0021877717
lib1_AR_T28_1_F2.S349,-0.560761,-0.05090114,-0.3628366
lib1_AR_T28_1_F3.S350,0.030114913,-0.05090114,0.9740044
lib1_AR_T28_1_F4.S351,0.14861952,-0.05090114,0.43824574
lib1_AR_T28_1_F5.S352,0.16526543,-0.05090114,0.100668624
lib1_AR_T28_1_F6.S353,-1.7104414,-0.05090114,-1.2429949
lib1_AR_T28_1_F7.S354,0.34034917,-0.05090114,-0.17389496
lib1_AR_T28_1_F8.S355,0.8866728,-0.05090114,1.1356863
lib1_AR_T28_1_F9.S356,0.6897582,-0.05090114,-0.2155079
lib1_AR_T28_1_G10.S369,-1.3385974,-0.05090114,-1.8731476
lib1_AR_T28_1_G11.S370,0.2693059,-0.05090114,0.6186347
lib1_AR_T28_1_G12.S371,-2.6473105,-0.05090114,-2.0160723
lib1_AR_T28_1_G1.S360,-0.14182115,-0.05090114,0.3676323
lib1_AR_T28_1_G2.S361,-1.2832402,-0.05090114,-1.1994301
lib1_AR_T28_1_G3.S362,-0.06913127,-0.05090114,0.08817541
lib1_AR_T28_1_G4.S363,-0.52945936,-0.05090114,-0.4120986
lib1_AR_T28_1_G5.S364,-0.7714629,-0.05090114,-1.0643004
lib1_AR_T28_1_G6.S365,0.24582797,-0.05090114,-0.05093236
lib1_AR_T28_1_G7.S366,0.43274203,-0.05090114,-0.24490912
lib1_AR_T28_1_G8.S367,-0.14264692,-0.05090114,0.21103473
lib1_AR_T28_1_G9.S368,-0.35579896,-0.05090114,-1.1822996
lib1_AR_T28_1_H2.S373,-0.30688903,-0.05090114,-0.049490113
lib1_AR_T28_1_H5.S376,-0.53090847,-0.05090114,-0.30860844
lib2_AR_lib2_AR_T28_228_2_C1.S216,-1.2945801,-0.05090114,-0.97661406
lib2_AR_lib2_AR_T28_228_2_C2.S217,-1.974385,-0.05090114,-1.5221703
lib2_AR_lib2_AR_T28_228_2_C4.S219,-0.35764462,-0.05090114,-0.66389143
lib2_AR_lib2_AR_T28_228_2_C6.S221,-1.182614,-0.05090114,-1.3668593
lib2_AR_lib2_AR_T28_228_2_C8.S223,-3.748102,-0.05090114,-3.7227511
lib2_AR_lib2_AR_T28_228_2_C9.S224,-1.6995596,-0.05090114,-1.5954893
lib2_AR_lib2_AR_T28_228_2_D10.S237,-1.0994369,-0.05090114,-0.4395356
lib2_AR_lib2_AR_T28_228_2_D3.S230,-1.0317552,-0.05090114,-0.9883137
lib2_AR_lib2_AR_T28_228_2_D6.S233,-1.7149844,-0.05090114,-1.1848099
lib2_AR_lib2_AR_T28_228_2_D9.S236,-1.0397806,-0.05090114,-1.4890761
lib2_AR_lib2_AR_T28_228_2_E11.S250,-0.7693296,-0.05090114,-0.0023306524
lib2_AR_lib2_AR_T28_228_2_E2.S241,-0.8518361,-0.05090114,-1.7855605
lib2_AR_lib2_AR_T28_228_2_E3.S242,-1.0763942,-0.05090114,-1.0743473
lib2_AR_lib2_AR_T28_228_2_E7.S246,-0.45881614,-0.05090114,-0.63121986
lib2_AR_lib2_AR_T28_228_2_E8.S247,-0.9815863,-0.05090114,-1.8397317
lib2_AR_lib2_AR_T28_228_2_F11.S262,-1.2282519,-0.05090114,-1.2811766
lib2_AR_lib2_AR_T28_228_2_F12.S263,-1.5418895,-0.05090114,-1.8234622
lib2_AR_lib2_AR_T28_228_2_F3.S254,-1.5403526,-0.05090114,-1.4986831
lib2_AR_lib2_AR_T28_228_2_F4.S255,-1.3603375,-0.05090114,-0.5795622
lib2_AR_lib2_AR_T28_228_2_F6.S257,-0.3132057,-0.05090114,-0.82958776
lib2_AR_lib2_AR_T28_228_2_G10.S273,0.40916556,-0.05090114,0.4116537
lib2_AR_lib2_AR_T28_228_2_G11.S274,-1.3263949,-0.05090114,-1.2427784
lib2_AR_lib2_AR_T28_228_2_G6.S269,-0.7173507,-0.05090114,-0.77305865
lib2_AR_lib2_AR_T28_228_2_G7.S270,-0.995341,-0.05090114,-0.87474656
lib2_AR_T28_2_C5.S220,-1.277527,-0.05090114,-1.5070423
lib2_AR_T28_2_D5.S232,-1.4282323,-0.05090114,-1.2460711
lib2_AR_T28_2_G5.S268,-1.2065216,-0.05090114,-1.6003692
Tres_A10.S382,1.0267651,-0.05090114,1.1557256
Tres_A11.S112,-1.4541148,-0.05090114,-1.1225804
Tres_A12.S104,1.6301659,-0.05090114,0.44170636
Tres_A1.S310,-0.32561722,-0.05090114,-0.58290005
Tres_A4.S334,1.1439533,-0.05090114,1.0220106
Tres_A5.S342,0.05629893,-0.05090114,-0.76281863
Tres_A6.S350,0.13747983,-0.05090114,0.09078156
Tres_A7.S358,1.537575,-0.05090114,0.9394269
Tres_A8.S366,0.12167506,-0.05090114,0.090039924
Tres_A9.S374,1.027935,-0.05090114,0.8352312
Tres_B10.S383,0.41427228,-0.05090114,0.06008627
Tres_B11.S111,0.7125341,-0.05090114,0.93768054
Tres_B12.S103,-0.49467194,-0.05090114,-0.89956605
Tres_B1.S311,0.9298963,-0.05090114,1.6367002
Tres_B2.S319,0.49710077,-0.05090114,-0.017619943
Tres_B3.S327,1.8423812,-0.05090114,1.6094664
Tres_B4.S335,0.0642132,-0.05090114,0.40744013
Tres_B5.S343,0.39975914,-0.05090114,0.63294256
Tres_B6.S351,2.223779,-0.05090114,0.9448564
Tres_B7.S359,1.0646453,-0.05090114,-0.42320296
Tres_C10.S384,-0.07012736,-0.05090114,-0.338978
Tres_C11.S110,1.0887222,-0.05090114,1.4747908
Tres_C12.S102,-0.78543836,-0.05090114,-0.7878645
Tres_C1.S312,0.5907328,-0.05090114,1.021485
Tres_C2.S320,-0.55857027,-0.05090114,-0.013949962
Tres_C3.S328,0.31862924,-0.05090114,-0.11421364
Tres_C4.S336,-1.7099633,-0.05090114,-1.1822437
Tres_C6.S352,-0.35997096,-0.05090114,-0.7880721
Tres_C7.S360,0.92180574,-0.05090114,0.62218726
Tres_C8.S368,-0.019117318,-0.05090114,0.11982135
Tres_C9.S376,-1.126751,-0.05090114,-1.0576922
Tres_D10.S117,0.8362979,-0.05090114,1.0370773
Tres_D11.S109,-0.15308855,-0.05090114,-0.82781094
Tres_D12.S101,-0.30586818,-0.05090114,-0.7646117
Tres_D1.S313,0.55314624,-0.05090114,-0.2311413
Tres_D2.S321,0.34766144,-0.05090114,0.18056898
Tres_D3.S329,-0.212049,-0.05090114,-0.4294296
Tres_D5.S345,-1.2773649,-0.05090114,-0.9261075
Tres_D6.S353,0.48496452,-0.05090114,-0.051684957
Tres_D7.S361,1.4086902,-0.05090114,0.2624007
Tres_D8.S369,-1.7833067,-0.05090114,-2.39259
Tres_E10.S116,0.48358178,-0.05090114,0.6511928
Tres_E11.S108,-0.74952364,-0.05090114,-0.0133119505
Tres_E12.S100,0.07059719,-0.05090114,0.30441007
Tres_E1.S314,-0.15947849,-0.05090114,-0.9485826
Tres_E2.S322,0.79191345,-0.05090114,1.0315623
Tres_E3.S330,0.24442047,-0.05090114,-0.3239865
Tres_E4.S338,1.4860055,-0.05090114,1.3661768
Tres_E5.S346,1.7226944,-0.05090114,2.293081
Tres_E6.S354,0.81932724,-0.05090114,0.2624767
Tres_E7.S362,0.23743397,-0.05090114,0.02184907
Tres_E8.S370,-0.024959203,-0.05090114,-0.43895662
Tres_E9.S378,0.22382733,-0.05090114,0.30088404
Tres_F10.S115,-0.1429915,-0.05090114,-0.4651137
Tres_F11.S107,0.68773186,-0.05090114,0.8264419
Tres_F1.S315,0.15943442,-0.05090114,0.15529254
Tres_F2.S323,1.7272382,-0.05090114,0.7471732
Tres_F3.S331,1.102274,-0.05090114,0.14173655
Tres_F5.S347,-0.046131082,-0.05090114,0.51342255
Tres_F6.S355,0.5725314,-0.05090114,0.9822823
Tres_F7.S363,0.5196148,-0.05090114,-0.01912196
Tres_F8.S371,-0.09309141,-0.05090114,-0.7210706
Tres_F9.S379,0.49876323,-0.05090114,0.6109648
Tres_G10.S114,-0.85778415,-0.05090114,-0.93138707
Tres_G11.S106,0.6001422,-0.05090114,0.46147305
Tres_G12.S98,0.09666289,-0.05090114,0.22299746
Tres_G1.S316,2.0745234,-0.05090114,0.45826674
Tres_G2.S324,0.9582002,-0.05090114,0.18702266
Tres_G3.S332,0.22472392,-0.05090114,-0.1615471
Tres_G4.S340,-0.37744462,-0.05090114,-0.41945377
Tres_G6.S356,-1.3465931,-0.05090114,-1.0196296
Tres_G7.S364,-0.15115628,-0.05090114,0.10689383
Tres_G8.S372,-0.69637537,-0.05090114,-0.60911584
Tres_G9.S380,0.26781374,-0.05090114,0.30441573
Tres_H10.S113,-1.6770804,-0.05090114,-1.1251549
Tres_H11.S105,-1.9285545,-0.05090114,-2.1469116
Tres_H12.S97,-2.4772272,-0.05090114,-2.6540604
Tres_H1.S317,0.08931251,-0.05090114,-0.2426775
Tres_H2.S325,0.6475486,-0.05090114,0.7672472
Tres_H3.S333,-1.3992199,-0.05090114,-1.417148
Tres_H5.S349,-0.8586592,-0.05090114,-1.2908946
Tres_H8.S373,-0.97623205,-0.05090114,-1.9018302
Tres_H9.S381,0.32563058,-0.05090114,-1.2463024
Tres_A11.S273,0.59124273,-0.05090114,0.71905327
Tres_A14.S265,1.1007491,-0.05090114,0.17620227
Tres_A4.S217,0.51150894,-0.05090114,0.028659951
Tres_A6.S233,0.19622096,-0.05090114,-0.20598581
Tres_A7.S241,1.173494,-0.05090114,0.025786776
Tres_A8.S249,-0.41448563,-0.05090114,-0.3202472
Tres_B11.S274,0.5142482,-0.05090114,0.8479744
Tres_B12.S282,-0.20286983,-0.05090114,0.34233004
Tres_B14.S266,1.3306129,-0.05090114,2.105534
Tres_B1.S194,0.670677,-0.05090114,0.8929231
Tres_B3.S210,0.20863992,-0.05090114,1.1227509
Tres_B4.S218,1.1309001,-0.05090114,1.1109746
Tres_B6.S234,-0.1310201,-0.05090114,0.41015732
Tres_B7.S242,0.71084243,-0.05090114,0.2783655
Tres_C14.S267,0.28889602,-0.05090114,0.29476598
Tres_C1.S195,1.5350378,-0.05090114,1.984959
Tres_C3.S211,0.19550905,-0.05090114,0.9157696
Tres_C4.S219,-1.1339991,-0.05090114,-1.0751073
Tres_C5.S227,-0.76227283,-0.05090114,-0.8334533
Tres_C6.S235,-1.1763928,-0.05090114,-0.10520225
Tres_C7.S243,-0.6049063,-0.05090114,-0.6007474
Tres_C8.S251,-0.27855787,-0.05090114,-0.29532832
Tres_C9.S259,1.8306074,-0.05090114,1.6535317
Tres_D11.S276,0.65454054,-0.05090114,1.217357
Tres_D12.S284,0.420331,-0.05090114,0.8793951
Tres_D14.S268,-0.7255051,-0.05090114,-0.8700262
Tres_D1.S196,1.7417934,-0.05090114,1.4714975
Tres_D3.S212,0.5737047,-0.05090114,-0.89114493
Tres_D4.S220,0.08856049,-0.05090114,0.45559514
Tres_D5.S228,0.7949032,-0.05090114,0.9856679
Tres_D6.S236,0.7811664,-0.05090114,0.5354796
Tres_D7.S244,0.4150837,-0.05090114,0.45308554
Tres_D8.S252,-0.6165158,-0.05090114,-0.50395316
Tres_E11.S277,1.1270262,-0.05090114,1.5858028
Tres_E12.S285,0.79145354,-0.05090114,0.86121213
Tres_E1.S197,0.97790766,-0.05090114,1.2694925
Tres_E3.S213,2.1556623,-0.05090114,1.4695863
Tres_E4.S221,0.6242999,-0.05090114,0.11755047
Tres_E5.S229,0.84995556,-0.05090114,0.5789341
Tres_E6.S237,1.8885885,-0.05090114,0.44976747
Tres_E7.S245,-0.12224786,-0.05090114,0.4439426
Tres_E8.S253,0.3522285,-0.05090114,0.13198742
Tres_E9.S261,2.0366411,-0.05090114,1.9393603
Tres_F11.S278,-1.207415,-0.05090114,-1.4808513
Tres_F12.S286,1.2198731,-0.05090114,0.92330086
Tres_F14.S270,1.7525316,-0.05090114,1.1342663
Tres_F1.S198,1.6599952,-0.05090114,1.752101
Tres_F4.S222,0.66690505,-0.05090114,-0.04768642
Tres_F6.S238,0.51557946,-0.05090114,0.23387831
Tres_F7.S246,0.33131653,-0.05090114,0.501978
Tres_F8.S254,1.2891365,-0.05090114,-0.7253358
Tres_F9.S262,-0.28757468,-0.05090114,0.23653504
Tres_G1.S199,0.4498726,-0.05090114,-0.14210118
Tres_G3.S215,-0.8257308,-0.05090114,-1.187252
Tres_G5.S231,-1.2161047,-0.05090114,-1.2090608
Tres_G6.S239,1.5339154,-0.05090114,1.9207335
Tres_G7.S247,0.6633004,-0.05090114,1.362684
Tres_G8.S255,-0.42025724,-0.05090114,-0.84473914
Tres_G9.S263,0.16284302,-0.05090114,-0.06317058
Tres_H11.S280,-0.05098777,-0.05090114,0.010088648
Tres_H14.S272,-0.19394264,-0.05090114,-0.25150535
Tres_H2.S208,1.9062514,-0.05090114,1.5810262
Tres_H4.S224,0.43115085,-0.05090114,0.26627085
Tres_H6.S240,0.28240162,-0.05090114,-0.33177987
Tres_H9.S264,-1.5325265,-0.05090114,-1.9540423
